1,Laura,Calatayud,lcalatayud@correo.es
2,Alfonso,Palomo,alfpalomo24@correo.com
3,María Rosa,Flores,flores29@email.com
4,Manuel,Rodríguez,manuelrodriguez@correo.es
5,Francisco,Escribano,franciscoescribano6@correo.net
6,Julia,Cuenca,julia.cuenca@correo.com
7,María Teresa,Morillo,marmorillo60@correo.es
8,María Teresa,Pareja,mpareja@email.com
9,Carmen,Rodríguez,rodriguez44@mail.com
10,Eduardo,Ruiz,eruiz@mail.es
11,José,Rubio,josrubio@correo.net
12,Josefa,Gabaldón,josefagabaldon@correo.es
13,Lorenzo,Barrio,lorenzo.barrio@email.es
14,María Luisa,Rodríguez,marirodriguez17@correo.es
15,Francisco,García,fgarcia@email.net
16,Miguel Ángel,Villar,migvillar6@correo.net
17,Manuel,Corral,mcorral16@mail.net
18,Cristina,Mora,cristinamora@correo.net
19,Paula,Granados,pau.granados@email.net
20,José,Gómez,jgomez53@correo.com
21,Roberto,Cerezo,rob.cerezo@mail.es
22,Jorge,Zamorano,jzamorano36@email.net
23,Manuel,Flórez,florez82@correo.com
24,José Luis,Cañizares,jcañizares@correo.net
25,María,Fernández,fernandez43@mail.com
26,David,Cuesta,davidcuesta@correo.com
27,Javier,Zurita,jav.zurita@email.net
28,Sara,Sánchez,sanchez2@mail.com
29,Fernando,Castillo,fcastillo7@correo.com
30,María Carmen,González,gonzalez62@mail.com
31,Francisca,Romero,franciscaromero@mail.es
32,Ana,Álvarez,anaalvarez82@correo.net
33,Josep,Rodríguez,jrodriguez92@email.net
34,Carmen,Mata,c.mata@correo.es
35,Silvia,Rodríguez,silrodriguez@email.es
36,Teresa,Mulet,ter.mulet@correo.net
37,Antonio,Sans,antonio.sans@mail.es
38,Mariano,Pérez,mariano.perez@correo.net
39,Iván,Ángel,ivanangel81@mail.net
40,Francisco Javier,Reyes,frareyes@correo.es
41,Marta,Romero,mromero@correo.com
42,Candelaria,Gordillo,candelariagordillo@email.com
43,David,Ortega,davidortega46@email.es
44,Laura,Herrera,lauraherrera92@email.net
45,Sergio,Rodríguez,sergiorodriguez@email.net
46,José Antonio,Pajares,jpajares@email.net
47,Antonio,Torres,torres57@correo.net
48,María Luisa,Blázquez,marblazquez@email.com
49,Pablo,López,p.lopez@email.com
50,Mónica,González,mongonzalez3@mail.es
51,Amparo,Sánchez,ampsanchez@mail.net
52,Juan José,Escudero,escudero82@mail.es
53,Carmen,Vela,cvela@correo.es
54,Pilar,Olivera,p.olivera@correo.net
55,Juan,Flores,juaflores10@mail.com
56,María José,Gutiérrez,mgutierrez@email.net
57,Carmen,Díaz,cardiaz26@mail.net
58,Jesús,Sanchís,j.sanchis@correo.es
59,María Dolores,Bueno,mar.bueno@correo.es
60,Rubén,Ruiz,rruiz@mail.com
61,Cristina,Brenes,cbrenes@email.es
62,Carlos,Sanz,sanz16@correo.net
63,Raquel,Sanz,rsanz@email.net
64,Alejandro,García,agarcia58@correo.net
65,María Josefa,Álvarez,alvarez47@correo.net
66,Lucia,Duran,duran91@correo.es
67,María Carmen,Hernández,mhernandez@email.es
68,Francisco,Díaz,diaz4@email.com
69,Mónica,Cabello,monica.cabello@correo.es
70,Andrés,Ares,andares@email.es
71,Francisco,Barrera,frabarrera@email.com
72,Salvador,Aguilar,s.aguilar@correo.es
73,Juan Antonio,Bermejo,juabermejo33@email.net
74,Alejandro,García,garcia8@email.net
75,Rosario,Ruiz,ruiz88@correo.es
76,Pilar,Campos,campos2@email.com
77,Francisco,González,f.gonzalez@correo.com
78,Carmen,Herrero,cherrero25@mail.net
79,Pablo,Villar,villar2@correo.es
80,Juan,Sánchez,sanchez100@correo.es
81,Francisco,Vilariño,franciscovilariño@email.net
82,Sebastián,Montenegro,sebastian.montenegro@mail.net
83,Beatriz,Díaz,bdiaz@mail.es
84,Ángela,Vara,angvara@email.com
85,Ángela,Rodríguez,ang.rodriguez@email.es
86,Fernando,Gómez,fernandogomez@correo.net
87,Teresa,Espinar,terespinar@mail.net
88,Sonia,Bosch,s.bosch@correo.es
89,José,De Juan,jdejuan@correo.com
90,Carmen María,Bernardo,cbernardo@correo.com
91,Juan José,Nicolás,juanicolas83@email.es
92,Amparo,Guillem,a.guillem@mail.com
93,Fernando,Serrano,fernandoserrano@correo.es
94,Jesús,González,jgonzalez@email.com
95,Francisco,Claros,fraclaros@email.com
96,Sara,Cruz,sarcruz@email.com
97,José Manuel,Navarro,josnavarro@correo.es
98,Cristina,Gay,cristinagay@email.net
99,Concepción,Alonso,conalonso@mail.com
100,Marcos,Pascual,pascual44@email.com
